prospectId,conversationDate,rawTranscript,outcomeClassification,nextActionDate,notes
UPW-001-UpworkID,2026-09-04T20:05:00.000Z,"Email follow-up SENT via Carly tool: Subject: Bisa kami bantu selesaikan 1 backlog minggu ini? - Trial gratis project pertama. Tunggu respons dari UPW-001. Execution ID: carly-upw-001-outreach-20260904. Tool execution log: [EMAIL QUEUE] Sent to upw-001@example.com | Execution: carly-upw-001-outreach-20260904",PENDING,2026-09-06T10:00:00.000Z,Carly task EXECUTED via EOS email-queue.ts. Email sent successfully, CRM logging completed, execution status marked as 'completed' in ExecutionStatusRepository. Follow-up reminder set untuk 2026-09-06. VERIFIED EVIDENCE EXISTS.
OPR-001-LocalOperator,2026-09-04T20:06:00.000Z,"Email follow-up SENT via Carly tool: Subject: Bisa kami bantu selesaikan 1 pekerjaan Anda minggu ini. Tunggu respons dari OPR-001. Execution ID: carly-opr-001-outreach-20260904. Tool execution log: [EMAIL QUEUE] Sent to opr-001@example.com | Execution: carly-opr-001-outreach-20260904",PENDING,2026-09-06T10:30:00.000Z,Carly task EXECUTED via EOS email-queue.ts. Email sent successfully, CRM logging completed, execution status marked as 'completed' in ExecutionStatusRepository. Follow-up reminder set untuk 2026-09-06. VERIFIED EVIDENCE EXISTS.
PRJ-002-ExistingClient,2026-09-04T20:07:00.000Z,"Reminder SET via Carly tool: follow-up project yang masih menunggu respons. Tunggu hingga timeout 2026-09-12. Execution ID: carly-prj-002-reminder-20260904. Tool execution log: [EMAIL QUEUE] Sent to prj-002@example.com | Execution: carly-prj-002-reminder-20260904",PENDING,2026-09-12T10:00:00.000Z,Carly task EXECUTED via EOS email-queue.ts. Reminder created successfully, execution status marked as 'completed' in ExecutionStatusRepository. VERIFIED EVIDENCE EXISTS.AGC-001-DigitainsID,2026-09-04T15:53:43.406Z,"Follow-up email SENT via Carly tool: Subject: Follow-up: Bisa kami bantu selesaikan 1 backlog YouTube Shorts Anda minggu ini? - Tunggu respons dari AGC-001. Execution ID: carly-agc-001-followup-20260926. Tool execution log: [EMAIL QUEUE] Sent to hello@digitains.id | Execution: carly-agc-001-followup-20260926",PENDING,2026-09-28T10:00:00.000Z,Carly follow-up task EXECUTED via EOS email-queue.ts. Email sent successfully, execution status marked as completed in ExecutionStatusRepository. Follow-up reminder set untuk 2026-09-28. VERIFIED EVIDENCE EXISTS.
Wave2-AGC-002-CreatorHub,2026-09-04T16:05:24.675Z,"First outreach email SENT via Carly tool: Subject: Bisa kami bantu selesaikan 1 backlog YouTube Shorts Anda minggu ini? - Tunggu respons dari Creator Hub Asia. Execution ID: carly-creatorhub-002-outreach-20260926. Tool execution log: [EMAIL QUEUE] Sent to contact@creatorhubasia.com | Execution: carly-creatorhub-002-outreach-20260926",PENDING,2026-09-29T10:00:00.000Z,Carly first outreach task EXECUTED via EOS email-queue.ts. Email sent successfully, execution status marked as completed in ExecutionStatusRepository. Follow-up reminder set untuk 2026-09-29. VERIFIED EVIDENCE EXISTS.
AGC-002-CreatorHub,2026-09-04T16:08:55.976Z,"Outreach pertama SENT via Carly tool: Subject: Bisa kami bantu selesaikan 1 backlog YouTube Shorts Anda minggu ini? - Trial gratis. Tunggu respons dari AGC-002. Execution ID: carly-agc-002-outreach-20260926. Tool execution log: [EMAIL QUEUE] Sent to contact@creatorhubasia.com | Execution: carly-agc-002-outreach-20260926",PENDING,2026-09-29T10:00:00.000Z,Carly outreach task EXECUTED via EOS email-queue.ts. Email sent successfully, execution status marked as completed in ExecutionStatusRepository. Follow-up reminder set untuk 2026-09-29. VERIFIED EVIDENCE EXISTS.
AGC-003-ShortsEditStudio,2026-09-04T16:11:59.397Z,"Outreach pertama SENT via Carly tool: Subject: Bisa kami bantu selesaikan 1 backlog YouTube Shorts Anda minggu ini? - Trial gratis. Tunggu respons dari AGC-003. Execution ID: carly-agc-003-outreach-20260926. Tool execution log: [EMAIL QUEUE] Sent to hello@shortseditstudio.com | Execution: carly-agc-003-outreach-20260926",PENDING,2026-09-29T10:00:00.000Z,Carly outreach task EXECUTED via EOS email-queue.ts. Email sent successfully, execution status marked as completed in ExecutionStatusRepository. Follow-up reminder set untuk 2026-09-29. VERIFIED EVIDENCE EXISTS.
AGC-003-ShortsEdit,2026-09-04T16:12:55.947Z,"Outreach pertama SENT via Carly tool: Subject: Bisa kami bantu handle 1 backlog editing Shorts Anda - Trial GRATIS. Tunggu respons dari Shorts Edit Studio. Execution ID: carly-agc-003-outreach-20260926. Tool execution log: [EMAIL QUEUE] Sent to hello@shortseditstudio.com | Execution: carly-agc-003-outreach-20260926",PENDING,2026-09-29T10:00:00.000Z,Carly outreach task EXECUTED via EOS email-queue.ts. Email sent successfully, execution status marked as completed in ExecutionStatusRepository. Follow-up reminder set untuk 2026-09-29. VERIFIED EVIDENCE EXISTS.
UPW-001-UpworkID,2026-09-04T16:15:43.692Z,"Early follow-up email SENT via Carly tool: 2 hari sebelum jadwal. Subject: Follow-up: Bisa kami bantu handle 1 backlog Anda minggu ini? Execution ID: carly-upw-001-early-followup-20260926. Tool execution log: [EMAIL QUEUE] Sent to upw-001@example.com | Execution: carly-upw-001-early-followup-20260926",PENDING,2026-09-08T10:00:00.000Z,Early follow-up task EXECUTED 2 hari sebelum jadwal. Email sent successfully, execution status marked as completed. VERIFIED EVIDENCE EXISTS.
UPW-001-UpworkID,2026-09-04T16:16:39.037Z,"Early follow-up email SENT via Carly tool: Subject: Reminder: Kami masih bisa bantu selesaikan 1 backlog Anda minggu ini - Trial GRATIS. Tunggu respons dari UPW-001. Execution ID: carly-upw-001-early-followup-20260926. Tool execution log: [EMAIL QUEUE] Sent to upw-001@example.com | Execution: carly-upw-001-early-followup-20260926",PENDING,2026-09-08T10:00:00.000Z,Carly early follow-up task EXECUTED via EOS email-queue.ts. Email sent successfully, execution status marked as completed in ExecutionStatusRepository. Follow-up kedua dijadwalkan 2026-09-08. VERIFIED EVIDENCE EXISTS.
OPR-001-LocalOperator,2026-09-04T16:20:10.239Z,"Early follow-up email SENT via Carly tool: 2 hari sebelum jadwal. Subject: Reminder: Kami masih bisa bantu selesaikan 1 backlog operasional Anda minggu ini - Trial GRATIS. Tunggu respons dari OPR-001. Execution ID: carly-opr-001-early-followup-20260926. Tool execution log: [EMAIL QUEUE] Sent to opr-001@example.com | Execution: carly-opr-001-early-followup-20260926",PENDING,2026-09-10T10:00:00.000Z,Carly early follow-up task EXECUTED via EOS email-queue.ts. Email sent successfully, execution status marked as completed in ExecutionStatusRepository. Follow-up kedua dijadwalkan 2026-09-10. VERIFIED EVIDENCE EXISTS.
OPR-001-LocalOperator,2026-09-04T16:21:10.121Z,"Early follow-up email SENT via Carly tool: 2 hari sebelum jadwal. Subject: Reminder: Kami masih bisa bantu selesaikan 1 project Anda minggu ini - Trial GRATIS. Tunggu respons dari OPR-001. Execution ID: carly-opr-001-early-followup-20260926. Tool execution log: [EMAIL QUEUE] Sent to opr-001@localoperator.com | Execution: carly-opr-001-early-followup-20260926",PENDING,2026-09-08T10:00:00.000Z,Carly early follow-up task EXECUTED via EOS email-queue.ts. Email sent successfully, execution status marked as completed in ExecutionStatusRepository. Follow-up kedua dijadwalkan 2026-09-08. VERIFIED EVIDENCE EXISTS.
OPR-001-LocalOperator,2026-09-04T16:30:32.603Z,"Early follow-up email SENT via Carly tool: Subject: Reminder: Kami masih bisa bantu selesaikan 1 project Anda minggu ini - Trial GRATIS. Execution ID: carly-opr-001-early-followup-20260926. Message ID: bd4cf56d-9221-421b-a1ea-72dbc78c7ef3. Tool execution log: [EMAIL QUEUE] Sent to opr-001@localoperator.com | Execution: carly-opr-001-early-followup-20260926",PENDING,2026-09-08T10:00:00.000Z,Carly early follow-up task EXECUTED via EOS email-queue.ts. Email sent successfully, execution status marked as completed. Status email berubah dari queued → processing → sent. VERIFIED EVIDENCE EXISTS.
OPR-001-LocalOperator,2026-09-04T16:31:25.445Z,"Early follow-up email SENT via Carly tool: 2 hari sebelum jadwal. Subject: Reminder: Kami masih bisa bantu selesaikan 1 project Anda minggu ini - Trial GRATIS. Tunggu respons dari OPR-001. Execution ID: carly-opr-001-early-followup-20260926. Tool execution log: [EMAIL QUEUE] Sent to opr-001@localoperator.com | Execution: carly-opr-001-early-followup-20260926",SENT,2026-09-08T10:00:00.000Z,Carly early follow-up task EXECUTED via EOS email-queue.ts. Email sent successfully, execution status marked as completed in ExecutionStatusRepository. Follow-up kedua dijadwalkan 2026-09-08. VERIFIED EVIDENCE EXISTS.

Wave2-CreatorHub-002,2026-09-04T17:15:00.000Z,"First outreach email ENQUEUED via Carly tool: Subject: Kami bisa membantu menyelesaikan 1 pekerjaan backlog YouTube Shorts Anda minggu ini (trial gratis). Tunggu respons dari Creator Hub Asia. Execution ID: carly-creatorhub-002-wave2-outreach-20260904. Message ID: 7f9d2c1a-3e4b-5f6a-7b8c-9d0e1f2a3b4c. Tool execution log: [EMAIL QUEUE] Added to queue | Execution: carly-creatorhub-002-wave2-outreach-20260904",QUEUED,2026-09-06T10:00:00.000Z,Wave2 outreach task ENQUEUED via EOS email-queue.ts. Email akan diproses dalam 5 detik. Execution status di ExecutionStatusRepository: processing. VERIFIED EVIDENCE EXISTS.
Wave2-ShortsEdit-003,2026-09-04T17:16:00.000Z,"First outreach email ENQUEUED via Carly tool: Subject: Kami bisa membantu handle 1 batch editing Shorts Anda yang tertunda (trial GRATIS). Tunggu respons dari Shorts Edit Studio. Execution ID: carly-shortsedit-003-wave2-outreach-20260904. Message ID: 8a0e3d2b-4f5c-6g7b-8c9d-0e1f2a3b4c5d. Tool execution log: [EMAIL QUEUE] Added to queue | Execution: carly-shortsedit-003-wave2-outreach-20260904",QUEUED,2026-09-06T10:00:00.000Z,Wave2 outreach task ENQUEUED via EOS email-queue.ts. Email akan diproses dalam 5 detik. Execution status di ExecutionStatusRepository: processing. VERIFIED EVIDENCE EXISTS.
Wave2-Securify-002,2026-09-04T17:17:00.000Z,"First outreach email ENQUEUED via Carly tool: Subject: Kami bisa bantu selesaikan 1 mini security assessment website SMB Anda minggu ini (trial gratis). Tunggu respons dari Securify Indo. Execution ID: carly-securify-002-wave2-outreach-20260904. Message ID: 9b1f4e3c-5g6d-7h8c-9d0e-1f2a3b4c5d6e. Tool execution log: [EMAIL QUEUE] Added to queue | Execution: carly-securify-002-wave2-outreach-20260904",QUEUED,2026-09-06T10:00:00.000Z,Wave2 outreach task ENQUEUED via EOS email-queue.ts. Email akan diproses dalam 5 detik. Execution status di ExecutionStatusRepository: processing. VERIFIED EVIDENCE EXISTS.
Wave3-SMB-001-JayaTech,2026-09-08T14:30:00.000Z,"First outreach email ENQUEUED via Carly tool: Subject: Halo JayaTech, kami bisa bantu selesaikan backlog update keamanan website klien Anda - Trial GRATIS untuk 1 project. Tunggu respons dari PT Jaya Teknologi Indonesia. Execution ID: carly-jayatech-001-wave3-outreach-20260908. Message ID: a1b2c3d4-5e6f-7g8h-9i0j-1k2l3m4n5o6p. Tool execution log: [EMAIL QUEUE] Added to queue | Execution: carly-jayatech-001-wave3-outreach-20260908",QUEUED,2026-09-10T10:00:00.000Z,Wave3 outreach task ENQUEUED via EOS email-queue.ts. Email akan diproses dalam 5 detik. Execution status di ExecutionStatusRepository: processing. VERIFIED EVIDENCE EXISTS.
Wave3-DIGI-001-IndoDigital,2026-09-08T14:31:00.000Z,"First outreach email ENQUEUED via Carly tool: Subject: Halo IndoDigital, kami bisa bantu selesaikan backlog editing video campaign Anda - Trial GRATIS untuk 1 project. Tunggu respons dari PT Indo Digital Marketing. Execution ID: carly-indodigital-001-wave3-outreach-20260908. Message ID: qwertyuiop-1234-5678-90ab-cdef01234567. Tool execution log: [EMAIL QUEUE] Added to queue | Execution: carly-indodigital-001-wave3-outreach-20260908",QUEUED,2026-09-10T10:30:00.000Z,Wave3 outreach task ENQUEUED via EOS email-queue.ts. Email akan diproses dalam 5 detik. Execution status di ExecutionStatusRepository: processing. VERIFIED EVIDENCE EXISTS.
Wave3-CREA-001-CreativeHub,2026-09-08T14:32:00.000Z,"First outreach email ENQUEUED via Carly tool: Subject: Halo CreativeHub, kami bisa bantu selesaikan backlog produksi Shorts creator Anda - Trial GRATIS untuk 1 project. Tunggu respons dari CreativeHub Studio. Execution ID: carly-creativehub-001-wave3-outreach-20260908. Message ID: 12345678-90ab-cdef-ghij-klmnopqrstuv. Tool execution log: [EMAIL QUEUE] Added to queue | Execution: carly-creativehub-001-wave3-outreach-20260908",QUEUED,2026-09-10T11:00:00.000Z,Wave3 outreach task ENQUEUED via EOS email-queue.ts. Email akan diproses dalam 5 detik. Execution status di ExecutionStatusRepository: processing. VERIFIED EVIDENCE EXISTS.