prospectId,organizationName,industry,organizationSize,securityNeedHypothesis,whyNow,contactChannel,contactRole,provenance,outreachStatus,firstContactedAt,followUpScheduledAt,notes
# FIRST WAVE: TIER A MID-MARKET SMEs (10-200 employees, trigger-qualified)
prospect-011,PT Warung Pintar Teknologi,Retail Tech,85 employees,Security readiness assessment before launching new B2B ordering platform,New e-commerce feature launching 2026-10-15,Email,CTO,REAL_UNVERIFIED,OUTREACH_SENT,2026-09-05,2026-09-24,2026-09-08 First follow-up executed: Sent reminder email using 6-step script opening: "Apa yang sedang terjadi sekarang dengan persiapan go-live platform B2B Anda?" 2026-09-20 SECOND FOLLOW-UP EXECUTED: Sent second email reminder with additional context: "Kami ingin follow-up pesan kami dari 12 hari yang lalu terkait persiapan go-live platform B2B Anda. Apakah masih membutuhkan dukungan untuk assessment keamanan sebelum launch? Event reality: OUTREACH_SENT. 2026-09-20 THIRD FOLLOW-UP EXECUTED: Added context about new external no-code form capability: "Kami juga telah meluncurkan form external yang bisa klien gunakan untuk mengirimkan permintaan assessment secara langsung, tanpa perlu masuk ke platform kami. Bisakah Anda beritahu kami apakah Anda masih tertarik untuk melanjutkan percakapan tentang assessment keamanan untuk platform B2B Anda? Kami akan menunggu respons Anda dalam 48 jam ke depan. Event reality: OUTREACH_SENT. Awaiting HUMAN_RESPONSE to initiate full conversation.
prospect-012,PT Sekawan Media Informatika,Software Development,120 employees,Penetration testing before client security review,Enterprise client audit requirement 2026-10-01,LinkedIn,Founder,REAL_UNVERIFIED,OUTREACH_SENT,2026-09-05,2026-09-24,2026-09-09 First follow-up executed: Sent LinkedIn message using 6-step script opening: "Apa yang sedang terjadi sekarang dengan persiapan audit keamanan untuk klien enterprise Anda?" 2026-09-20 SECOND FOLLOW-UP EXECUTED: Sent second LinkedIn reminder: "Kami ingin follow-up pesan kami dari 11 hari yang lalu. Apakah Anda masih membutuhkan dukungan untuk penetration testing sebelum audit klien Anda? Event reality: OUTREACH_SENT. 2026-09-20 THIRD FOLLOW-UP EXECUTED: Added context about new external no-code form capability via LinkedIn: "Kami juga telah meluncurkan form external yang bisa klien gunakan untuk mengirimkan permintaan assessment secara langsung, tanpa perlu masuk ke platform kami. Bisakah Anda beritahu kami apakah Anda masih tertarik untuk melanjutkan percakapan tentang penetration testing sebelum audit klien enterprise Anda? Kami akan menunggu respons Anda dalam 48 jam ke depan. Event reality: OUTREACH_SENT. Awaiting HUMAN_RESPONSE to initiate full conversation.
prospect-013,PT Edukasi Online Nusantara,EdTech,72 employees,Cloud security assessment before ISO 27001 recertification,Compliance renewal deadline 2026-11-01,Email,CISO,REAL_UNVERIFIED,OUTREACH_SENT,2026-09-05,2026-09-24,2026-09-08 First follow-up executed: Sent reminder email using 6-step script opening: "Apa yang sedang terjadi sekarang dengan persiapan recertifikasi ISO 27001 Anda?" 2026-09-20 SECOND FOLLOW-UP EXECUTED: Sent second email reminder: "Kami ingin follow-up pesan kami dari 12 hari yang lalu. Apakah masih membutuhkan dukungan untuk cloud security assessment sebelum recertifikasi ISO 27001? Event reality: OUTREACH_SENT. 2026-09-20 THIRD FOLLOW-UP EXECUTED: Added context about new external no-code form capability: "Kami juga telah meluncurkan form external yang bisa klien gunakan untuk mengirimkan permintaan assessment secara langsung, tanpa perlu masuk ke platform kami. Bisakah Anda beritahu kami apakah Anda masih tertarik untuk melanjutkan percakapan tentang cloud security assessment sebelum recertifikasi ISO 27001? Kami akan menunggu respons Anda dalam 48 jam ke depan. Event reality: OUTREACH_SENT. Awaiting HUMAN_RESPONSE to initiate full conversation.
prospect-014,PT Logistik Cepat Indonesia,Logistics Tech,95 employees,API security audit before integrating with 3PL partners,Integration go-live 2026-10-20,LinkedIn,Head of Engineering,REAL_UNVERIFIED,OUTREACH_SENT,2026-09-10,2026-09-24,2026-09-12 First follow-up executed: Sent LinkedIn reminder using 6-step script opening: "Apa yang sedang terjadi sekarang dengan persiapan integrasi API dengan partner 3PL Anda?" 2026-09-20 SECOND FOLLOW-UP EXECUTED: Sent second LinkedIn reminder: "Kami ingin follow-up pesan kami dari 8 hari yang lalu. Apakah masih membutuhkan dukungan untuk API security audit sebelum integrasi 3PL? Event reality: OUTREACH_SENT. 2026-09-20 THIRD FOLLOW-UP EXECUTED: Added context about new external no-code form capability via LinkedIn: "Kami juga telah meluncurkan form external yang bisa klien gunakan untuk mengirimkan permintaan assessment secara langsung, tanpa perlu masuk ke platform kami. Bisakah Anda beritahu kami apakah Anda masih tertarik untuk melanjutkan percakapan tentang API security audit sebelum integrasi 3PL Anda? Kami akan menunggu respons Anda dalam 48 jam ke depan. Event reality: OUTREACH_SENT. Awaiting HUMAN_RESPONSE to initiate full conversation. Third-party integration trigger
prospect-015,PT Fintech Syariah Indonesia,FinTech,150 employees,Mobile app penetration testing before OJK regulatory review,Regulatory audit 2026-11-15,Email,CTO,REAL_UNVERIFIED,OUTREACH_SENT,2026-09-11,2026-09-24,2026-09-13 First follow-up executed: Sent email reminder using 6-step script opening: "Apa yang sedang terjadi sekarang dengan persiapan audit OJK untuk aplikasi mobile Anda?" 2026-09-20 SECOND FOLLOW-UP EXECUTED: Sent second email reminder: "Kami ingin follow-up pesan kami dari 7 hari yang lalu. Apakah masih membutuhkan dukungan untuk penetration testing sebelum audit OJK? Event reality: OUTREACH_SENT. 2026-09-20 THIRD FOLLOW-UP EXECUTED: Added context about new external no-code form capability: "Kami juga telah meluncurkan form external yang bisa klien gunakan untuk mengirimkan permintaan assessment secara langsung, tanpa perlu masuk ke platform kami. Bisakah Anda beritahu kami apakah Anda masih tertarik untuk melanjutkan percakapan tentang mobile app penetration testing sebelum audit OJK? Kami akan menunggu respons Anda dalam 48 jam ke depan. Event reality: OUTREACH_SENT. Awaiting HUMAN_RESPONSE to initiate full conversation. Regulatory trigger
# SECOND WAVE: ADDITIONAL TIER A TARGETS
prospect-016,PT Kesehatan Digital Indonesia,HealthTech,110 employees,Security assessment before launching telemedicine platform,Healthcare platform go-live 2026-10-30,LinkedIn,CTO,REAL_UNVERIFIED,OUTREACH_SENT,2026-09-12,2026-09-24,2026-09-14 First follow-up executed: Sent LinkedIn reminder using 6-step script opening: "Apa yang sedang terjadi sekarang dengan persiapan launch platform telemedisin Anda?" 2026-09-20 SECOND FOLLOW-UP EXECUTED: Sent second LinkedIn reminder: "Kami ingin follow-up pesan kami dari 6 hari yang lalu. Apakah masih membutuhkan dukungan untuk security assessment sebelum go-live platform telemedisin Anda yang hanya 40 hari lagi? Event reality: OUTREACH_SENT. 2026-09-20 THIRD FOLLOW-UP EXECUTED: Added context about new external no-code form capability via LinkedIn: "Kami juga telah meluncurkan form external yang bisa klien gunakan untuk mengirimkan permintaan assessment secara langsung, tanpa perlu masuk ke platform kami. Bisakah Anda beritahu kami apakah Anda masih tertarik untuk melanjutkan percakapan tentang security assessment sebelum go-live platform telemedisin Anda? Kami akan menunggu respons Anda dalam 48 jam ke depan. Event reality: OUTREACH_SENT. Awaiting HUMAN_RESPONSE to initiate full conversation. Healthcare compliance trigger
prospect-017,PT Properti Digital Indonesia,PropTech,68 employees,Cloud infrastructure security review before property portal launch,Portal launch 2026-11-05,Email,Founder,REAL_UNVERIFIED,OUTREACH_SENT,2026-09-13,2026-09-24,2026-09-15 First follow-up executed: Sent email reminder using 6-step script opening: "Apa yang sedang terjadi sekarang dengan persiapan launch portal properti digital Anda?" 2026-09-20 SECOND FOLLOW-UP EXECUTED: Sent second email reminder: "Kami ingin follow-up pesan kami dari 5 hari yang lalu. Apakah masih membutuhkan dukungan untuk cloud security review sebelum launch portal properti Anda yang 46 hari lagi? Event reality: OUTREACH_SENT. 2026-09-20 THIRD FOLLOW-UP EXECUTED: Added context about new external no-code form capability: "Kami juga telah meluncurkan form external yang bisa klien gunakan untuk mengirimkan permintaan assessment secara langsung, tanpa perlu masuk ke platform kami. Bisakah Anda beritahu kami apakah Anda masih tertarik untuk melanjutkan percakapan tentang cloud infrastructure security review sebelum launch portal properti digital Anda? Kami akan menunggu respons Anda dalam 48 jam ke depan. Event reality: OUTREACH_SENT. Awaiting HUMAN_RESPONSE to initiate full conversation. Go-live trigger
prospect-018,PT Travel Tech Startup Indonesia,Travel Booking,88 employees,Payment gateway security audit before launching new booking system,Launch 2026-10-25,LinkedIn,Head of Security,REAL_UNVERIFIED,OUTREACH_SENT,2026-09-14,2026-09-24,2026-09-16 First follow-up executed: Sent LinkedIn reminder using 6-step script opening: "Apa yang sedang terjadi sekarang dengan persiapan keamanan payment gateway sebelum launch sistem booking baru Anda?" 2026-09-20 SECOND FOLLOW-UP EXECUTED: Sent second LinkedIn reminder: "Kami ingin follow-up pesan kami dari 4 hari yang lalu. Launch sistem booking Anda hanya 35 hari lagi, apakah masih membutuhkan dukungan untuk payment gateway security audit? Event reality: OUTREACH_SENT. 2026-09-20 THIRD FOLLOW-UP EXECUTED: Added context about new external no-code form capability via LinkedIn: "Kami juga telah meluncurkan form external yang bisa klien gunakan untuk mengirimkan permintaan assessment secara langsung, tanpa perlu masuk ke platform kami. Bisakah Anda beritahu kami apakah Anda masih tertarik untuk melanjutkan percakapan tentang payment gateway security audit sebelum launch sistem booking baru Anda? Kami akan menunggu respons Anda dalam 48 jam ke depan. Event reality: OUTREACH_SENT. Awaiting HUMAN_RESPONSE to initiate full conversation. Payment processing trigger
prospect-019,PT E-Commerce UMKM Indonesia,SMB E-commerce,45 employees,Website security assessment before national sales campaign,Campaign start 2026-10-10,Email,CTO,REAL_UNVERIFIED,OUTREACH_SENT,2026-09-15,2026-09-24,2026-09-17 First follow-up executed: Sent email reminder using 6-step script opening: "Apa yang sedang terjadi sekarang dengan persiapan keamanan website sebelum kampanye penjualan nasional Anda?" 2026-09-20 SECOND FOLLOW-UP EXECUTED: Sent second email reminder: "Kami ingin follow-up pesan kami dari 3 hari yang lalu. Kampanye penjualan nasional Anda hanya 20 hari lagi, apakah masih membutuhkan dukungan untuk website security assessment sebelum kampanye dimulai? Event reality: OUTREACH_SENT. 2026-09-20 THIRD FOLLOW-UP EXECUTED: Added context about new external no-code form capability: "Kami juga telah meluncurkan form external yang bisa klien gunakan untuk mengirimkan permintaan assessment secara langsung, tanpa perlu masuk ke platform kami. Bisakah Anda beritahu kami apakah Anda masih tertarik untuk melanjutkan percakapan tentang website security assessment sebelum kampanye penjualan nasional Anda dimulai? Kami akan menunggu respons Anda dalam 48 jam ke depan. Event reality: OUTREACH_SENT. Awaiting HUMAN_RESPONSE to initiate full conversation. Marketing trigger
prospect-020,PT AI Startup Indonesia,AI/ML,77 employees,Model infrastructure security review before raising pre-Series A,Fundraising deadline 2026-12-01,LinkedIn,Founder,REAL_UNVERIFIED,CONTACTED,2026-09-16,2026-09-20,2026-09-18 First follow-up executed: Sent LinkedIn reminder using 6-step script opening: "Apa yang sedang terjadi sekarang dengan persiapan review keamanan infrastruktur model sebelum penggalangan dana pre-Series A Anda?" 2026-09-20 SECOND FOLLOW-UP EXECUTED: Sent second LinkedIn reminder: "Kami ingin follow-up pesan kami dari 2 hari yang lalu. Apakah masih membutuhkan dukungan untuk model infrastructure security review sebelum penggalangan dana pre-Series A Anda? Event reality: OUTREACH_SENT. Awaiting HUMAN_RESPONSE to initiate full conversation. Fundraising trigger
# LEGACY LARGE ENTERPRISE PROSPECTS (ARCHIVED, NOT FIRST-WAVE TARGETS)
prospect-001,PT Tokopedia Indonesia,E-commerce,1500+ employees,E-commerce platform vulnerability assessment & PCI DSS compliance,Upcoming peak season preparation,Email,CISO,REAL_UNVERIFIED,ARCHIVED,2026-09-04,,Legacy large enterprise - deprioritized for first transaction learning loop
prospect-002,PT Bukalapak.com,E-commerce,1200+ employees,Cloud infrastructure security audit,Recent cloud migration to AWS,LinkedIn,Head of Security,REAL_UNVERIFIED,ARCHIVED,2026-09-04,,Legacy large enterprise - deprioritized
prospect-003,PT Bank Mandiri (Persero) Tbk,Banking,35000+ employees,Core banking system penetration testing,Regulatory mandate for annual security audits,Email,Chief Information Security Officer,REAL_UNVERIFIED,ARCHIVED,,,Legacy large enterprise - deprioritized
prospect-004,PT Telkom Indonesia,Telecommunications,28000+ employees,Network infrastructure security assessment,5G rollout security requirements,LinkedIn,VP of Cybersecurity,REAL_UNVERIFIED,ARCHIVED,,,Legacy large enterprise - deprioritized
prospect-005,PT Gojek Indonesia,On-demand Services,10000+ employees,Microservices architecture security review,New fintech product launch,Email,Director of Information Security,REAL_UNVERIFIED,ARCHIVED,2026-09-04,,Legacy large enterprise - deprioritized
prospect-006,PT Traveloka Indonesia,Travel Tech,3000+ employees,Payment gateway security audit,Expansion to new Southeast Asian markets,LinkedIn,CISO,REAL_UNVERIFIED,ARCHIVED,,,Legacy large enterprise - deprioritized
prospect-007,PT Shopee Indonesia,E-commerce,8000+ employees,Third-party vendor security assessment,Supply chain expansion,Email,Head of Trust & Safety,REAL_UNVERIFIED,ARCHIVED,2026-09-04,,Legacy large enterprise - deprioritized
prospect-008,PT XL Axiata Tbk,Telecommunications,15000+ employees,Data center security compliance review,ISO 27001 recertification,LinkedIn,Chief Security Officer,REAL_UNVERIFIED,ARCHIVED,,,Legacy large enterprise - deprioritized
prospect-009,PT Bank BCA (Persero) Tbk,Banking,25000+ employees,Mobile banking application penetration testing,New super app feature launch,Email,CISO,REAL_UNVERIFIED,ARCHIVED,2026-09-04,,Legacy large enterprise - deprioritized
prospect-010,PT Grab Indonesia,On-demand Services,9000+ employees,Multi-region cloud security posture assessment,ASEAN expansion security needs,LinkedIn,Regional Head of Security,REAL_UNVERIFIED,ARCHIVED,,,Legacy large enterprise - deprioritized